collective,ppn,ranks,status,min_size,lat_us,peak_busbw,peak_size,max_size,busbw_max_size,busbw_1M,busbw_64M,busbw_1G,busbw_16G,log
all_gather,8,16,ok,0,0.09,380.02,1073741824,17179869184,372.3,17.32,257.8,380.02,372.3,/orcd/data/orcd/022/benchmarks/amd-ubuntu/logs/node6100/rocm7.14/rccl/rccl_2node_all_20261005_025916/all_gather_ppn8_np16.log
all_reduce,8,16,ok,8,29.55,384.65,1073741824,17179869184,372.56,28.75,211.88,384.65,372.56,/orcd/data/orcd/022/benchmarks/amd-ubuntu/logs/node6100/rocm7.14/rccl/rccl_2node_all_20261005_025916/all_reduce_ppn8_np16.log
alltoall,8,16,ok,0,0.07,77.79,134217728,4294967296,77.08,20.04,77.45,77.39,,/orcd/data/orcd/022/benchmarks/amd-ubuntu/logs/node6100/rocm7.14/rccl/rccl_2node_all_20261005_025916/alltoall_ppn8_np16.log
broadcast,8,16,ok,8,14.05,364.62,17179869184,17179869184,364.62,17.64,200.58,331.58,364.62,/orcd/data/orcd/022/benchmarks/amd-ubuntu/logs/node6100/rocm7.14/rccl/rccl_2node_all_20261005_025916/broadcast_ppn8_np16.log
reduce_scatter,8,16,ok,0,0.08,372.24,1073741824,17179869184,371.6,16.76,151.52,372.24,371.6,/orcd/data/orcd/022/benchmarks/amd-ubuntu/logs/node6100/rocm7.14/rccl/rccl_2node_all_20261005_025916/reduce_scatter_ppn8_np16.log
sendrecv,8,16,ok,8,19.27,32.06,17179869184,17179869184,32.06,19.92,31.6,32.04,32.06,/orcd/data/orcd/022/benchmarks/amd-ubuntu/logs/node6100/rocm7.14/rccl/rccl_2node_all_20261005_025916/sendrecv_ppn8_np16.log
all_gather,1,2,ok,0,0.08,40.43,2147483648,17179869184,40.38,11.96,39.5,40.34,40.38,/orcd/data/orcd/022/benchmarks/amd-ubuntu/logs/node6100/rocm7.14/rccl/rccl_2node_ppn_20261005_030221/all_gather_ppn1_np2.log
all_gather,2,4,ok,0,0.08,48.87,17179869184,17179869184,48.87,13.59,45.89,48.17,48.87,/orcd/data/orcd/022/benchmarks/amd-ubuntu/logs/node6100/rocm7.14/rccl/rccl_2node_ppn_20261005_030221/all_gather_ppn2_np4.log
all_gather,4,8,ok,0,0.09,175.49,17179869184,17179869184,175.49,8.88,164.28,157.79,175.49,/orcd/data/orcd/022/benchmarks/amd-ubuntu/logs/node6100/rocm7.14/rccl/rccl_2node_ppn_20261005_030221/all_gather_ppn4_np8.log
all_reduce,1,2,ok,8,21.73,48.53,17179869184,17179869184,48.53,15.47,43.87,47.31,48.53,/orcd/data/orcd/022/benchmarks/amd-ubuntu/logs/node6100/rocm7.14/rccl/rccl_2node_ppn_20261005_030221/all_reduce_ppn1_np2.log
all_reduce,2,4,ok,8,20.84,48.92,17179869184,17179869184,48.92,12.66,46.95,48.52,48.92,/orcd/data/orcd/022/benchmarks/amd-ubuntu/logs/node6100/rocm7.14/rccl/rccl_2node_ppn_20261005_030221/all_reduce_ppn2_np4.log
all_reduce,4,8,ok,8,24.3,177.43,17179869184,17179869184,177.43,21.93,176.62,165.39,177.43,/orcd/data/orcd/022/benchmarks/amd-ubuntu/logs/node6100/rocm7.14/rccl/rccl_2node_ppn_20261005_030221/all_reduce_ppn4_np8.log
