model,run,max_concurrency,output_throughput,total_token_throughput,request_throughput,median_ttft_ms,p99_ttft_ms,median_tpot_ms,p99_tpot_ms,completed
Qwen3-8B-FP8,sweep_20261005_021122,1,183.13924208516477,353.2201905208736,0.1900770545772338,25.339901505503803,29.87160607939586,5.436888015485265,5.4582117432804145,10
Qwen3-8B-FP8,sweep_20261005_021122,2,335.8129241392456,678.5043886795861,0.36882254161366895,29.32815850363113,41.561529513564885,5.805100355194604,5.837248247133675,20
Qwen3-8B-FP8,sweep_20261005_021122,4,664.0437672951632,1320.3988696509266,0.7135651915916217,29.8714819655288,62.546679466613575,5.915110022944757,5.951812526798368,40
Qwen3-8B-FP8,sweep_20261005_021122,8,1280.1487134825209,2558.587476041695,1.3817785239165858,30.013262468855828,118.9767875673715,6.073772231391471,6.138224042171034,80
Qwen3-8B-FP8,sweep_20261005_021122,16,2457.4545609949732,4918.214876296854,2.657892910076086,30.087469989666715,198.5220235353335,6.354902541095015,6.43428868163142,160
Qwen3-8B-FP8,sweep_20261005_021122,32,4428.417139146283,8850.6654430306,4.779727079488702,30.38797399494797,414.8166470328579,6.911095432503068,7.058369510947356,320
Qwen3-8B-FP8,sweep_20261005_021122,64,7737.870762610614,15509.237722511209,8.39372210868738,31.214538001222536,834.8958701174706,7.975360054540559,8.301234153609505,640
Qwen3-8B-FP8,sweep_20261005_021122,128,11557.28213060691,23118.377093790856,12.513912047690097,39.60273301345296,1583.141107597039,10.773970803598425,11.397644798173946,1280
Qwen3-8B-FP8,sweep_20261005_021122,256,14987.959359244553,30041.0277957757,16.29636662628917,50.14358047628775,3083.0744375823997,16.76494880585196,17.783759025113707,2560
Llama-3.1-70B-Instruct-FP8,sweep_20261005_022751,1,135.19593221059245,260.7520506766414,0.1403175217546367,104.29343651048839,113.05359090387356,7.295764645160363,7.338325471679022,10
Llama-3.1-70B-Instruct-FP8,sweep_20261005_022751,2,236.70775803551516,478.2640604832899,0.2599755717029271,101.42082202946767,122.605774870608,8.199075944412277,8.317609493854189,20
Llama-3.1-70B-Instruct-FP8,sweep_20261005_022751,4,479.0863867335233,952.6256470786373,0.5148145140055054,100.54633248364553,179.410583677236,8.14446074587254,8.376577140653895,40
Llama-3.1-70B-Instruct-FP8,sweep_20261005_022751,8,895.3420285493287,1789.4881093839076,0.9664223957572763,64.82721600332297,206.73532628978137,8.64580265874498,8.987320031907164,80
Llama-3.1-70B-Instruct-FP8,sweep_20261005_022751,16,1651.8431504687026,3305.90835122296,1.7865730939134505,52.306259982287884,397.8343891870463,9.357997521803055,9.94083391339073,160
Llama-3.1-70B-Instruct-FP8,sweep_20261005_022751,32,2906.3361608829173,5808.623762556294,3.1368981768838826,53.14982798881829,738.4751666220836,10.491114792544828,11.307341616796776,320
Llama-3.1-70B-Instruct-FP8,sweep_20261005_022751,64,4810.22123256564,9641.265263076293,5.217929007364511,55.1715545298066,1347.4431371042738,12.904874653597375,13.719038307029988,640
Llama-3.1-70B-Instruct-FP8,sweep_20261005_022751,128,7328.769736584175,14659.957288333319,7.935393361948775,79.26021699677221,2564.1189491347177,17.054113859153897,18.63736830925724,1280
Llama-3.1-70B-Instruct-FP8,sweep_20261005_022751,256,9756.968521353747,19556.322213517815,10.608724801957132,95.97249398939312,4733.682331644231,25.888253420207743,28.031799186510963,2560
