conc,tps,total_tps,rps,ttft,ttft99,tpot,tpot99,completed,draft_k,max_num_seqs,dcp,offload,accept_len
1,70.74964324454591,112.92461265604855,0.05204858621683654,199.44729696726426,530.9302722715074,15.357592569870913,15.793479645031603,10,7,2,1,0,1.3
4,212.48274894075695,408.4166497656177,0.19395075436151427,275.1784950378351,694.5516170817425,18.785733940640505,21.203852374600064,40,5,8,1,0,1.39
8,352.99780088060373,702.6251395913046,0.33206523841407637,283.07456249604,2544.4997334922564,22.000157677707744,26.828931965587856,80,4,16,1,1,1.41
10,418.59966916643947,808.7065710966872,0.3753987778154388,284.43923249142244,869.1017663653475,23.253757576972017,26.292349127160023,100,4,20,1,1,1.66
12,495.20532281619796,964.206195494559,0.45219068400063733,286.061218008399,668.6268527165521,23.324227304837333,26.423459449911427,120,3,24,1,1,1.5
14,549.4309350799656,1083.2891566646547,0.5091499040959199,297.3942020034883,1011.9883880583769,25.2286727833418,28.676347911853586,140,3,28,1,1,1.45
44,1112.7559780755635,2251.663979932642,1.0690162080886978,275.80942450731527,2676.112957163132,38.26295326417867,46.0953322504471,440,0,88,8,1,
48,1157.9178519942698,2337.337137989075,1.1151473063486876,280.90850249282084,2808.2533313546446,39.89976883358748,44.45263458482299,480,0,96,8,1,
64,1344.238082507808,2729.791744012478,1.3089436442746099,289.42103798908647,3838.2296049175825,45.56384590208052,49.49781041089753,640,0,128,8,1,
70,1369.4141404849875,2766.618021681498,1.3265697284551117,289.0249630145263,5906.0368498341995,48.841094751243624,61.402342287535454,700,0,140,8,1,
128,1865.4734678358493,3735.1732192979116,1.7930537094971135,313.87465850275476,7980.450931632076,66.9011945386495,72.78198687281703,1280,0,256,8,1,
256,2521.9898222758347,5123.416228231434,2.4976069345770266,480.20804999396205,14420.982609461062,100.42649366919285,107.4977738873586,2560,0,512,8,1,
