run,collective,config,gpus,max_size_bytes,busbw_at_max_GBps,peak_busbw_GBps,n_sizes
rccl_all_20261002_103010,all_gather,default,2,8589934592,59.85,59.85,10
rccl_all_20261002_103010,all_gather,default,3,8589934560,88.19,89.66,10
rccl_all_20261002_103010,all_gather,default,4,8589934592,167.49,167.49,10
rccl_all_20261002_103010,all_gather,default,5,8589934560,46.05,46.12,10
rccl_all_20261002_103010,all_gather,default,6,8589934560,44.54,44.54,10
rccl_all_20261002_103010,all_gather,default,7,8589934528,43.8,43.8,10
rccl_all_20261002_103010,all_gather,default,8,8589934592,389.67,389.67,10
rccl_all_20261002_103010,all_reduce,default,2,8589934592,59.33,59.84,10
rccl_all_20261002_103010,all_reduce,default,3,8589934592,93.87,93.87,10
rccl_all_20261002_103010,all_reduce,default,4,8589934592,168.66,170.77,10
rccl_all_20261002_103010,all_reduce,default,5,8589934592,48.42,48.43,10
rccl_all_20261002_103010,all_reduce,default,6,8589934592,47.64,47.64,10
rccl_all_20261002_103010,all_reduce,default,7,8589934592,47.55,47.55,10
rccl_all_20261002_103010,all_reduce,default,8,8589934592,396.69,397.73,10
rccl_all_20261002_103010,alltoall,default,2,4294967296,59.14,59.14,9
rccl_all_20261002_103010,alltoall,default,3,4294967280,112.95,114.96,9
rccl_all_20261002_103010,alltoall,default,4,4294967296,154.81,154.92,9
rccl_all_20261002_103010,alltoall,default,5,4294967280,61.25,61.41,9
rccl_all_20261002_103010,alltoall,default,6,4294967232,61.48,61.48,9
rccl_all_20261002_103010,alltoall,default,7,4294967264,61.82,61.86,9
rccl_all_20261002_103010,alltoall,default,8,4294967296,347.51,347.51,9
rccl_all_20261002_103010,alltoallv,default,2,4294967296,59.06,59.06,9
rccl_all_20261002_103010,alltoallv,default,3,4294967280,87.84,87.84,9
rccl_all_20261002_103010,alltoallv,default,4,4294967296,113.87,113.87,9
rccl_all_20261002_103010,alltoallv,default,5,4294967280,45.17,47.95,9
rccl_all_20261002_103010,alltoallv,default,6,4294967232,41.6,44.23,9
rccl_all_20261002_103010,alltoallv,default,7,4294967264,40.78,45.96,9
rccl_all_20261002_103010,alltoallv,default,8,4294967296,220.36,220.36,9
rccl_all_20261002_103010,broadcast,default,2,8589934592,62.67,62.67,10
rccl_all_20261002_103010,broadcast,default,3,8589934592,87.41,87.41,10
rccl_all_20261002_103010,broadcast,default,4,8589934592,176.43,176.43,10
rccl_all_20261002_103010,broadcast,default,5,8589934592,40.0,40.0,10
rccl_all_20261002_103010,broadcast,default,6,8589934592,39.09,39.09,10
rccl_all_20261002_103010,broadcast,default,7,8589934592,39.71,39.71,10
rccl_all_20261002_103010,broadcast,default,8,8589934592,389.74,389.74,10
rccl_all_20261002_103010,gather,default,2,8589934592,61.81,69.21,10
rccl_all_20261002_103010,gather,default,3,8589934560,122.71,137.74,10
rccl_all_20261002_103010,gather,default,4,8589934592,182.28,205.76,10
rccl_all_20261002_103010,gather,default,5,8589934560,70.73,105.03,10
rccl_all_20261002_103010,gather,default,6,8589934560,76.16,119.95,10
rccl_all_20261002_103010,gather,default,7,8589934528,83.78,137.96,10
rccl_all_20261002_103010,gather,default,8,8589934592,422.82,448.87,10
rccl_all_20261002_103010,reduce,default,2,8589934592,61.78,69.87,10
rccl_all_20261002_103010,reduce,default,3,8589934592,100.65,103.53,10
rccl_all_20261002_103010,reduce,default,4,8589934592,170.02,186.76,10
rccl_all_20261002_103010,reduce,default,5,8589934592,45.84,46.83,10
rccl_all_20261002_103010,reduce,default,6,8589934592,45.59,46.4,10
rccl_all_20261002_103010,reduce,default,7,8589934592,45.56,46.4,10
rccl_all_20261002_103010,reduce,default,8,8589934592,328.55,348.25,10
rccl_all_20261002_103010,reduce_scatter,default,2,8589934592,57.6,57.72,10
rccl_all_20261002_103010,reduce_scatter,default,3,8589934560,81.91,82.7,10
rccl_all_20261002_103010,reduce_scatter,default,4,8589934592,166.27,171.14,10
rccl_all_20261002_103010,reduce_scatter,default,5,8589934560,46.71,47.43,10
rccl_all_20261002_103010,reduce_scatter,default,6,8589934560,47.56,47.72,10
rccl_all_20261002_103010,reduce_scatter,default,7,8589934528,47.78,48.54,10
rccl_all_20261002_103010,reduce_scatter,default,8,8589934592,388.87,408.56,10
rccl_all_20261002_103010,scatter,default,2,8589934592,62.13,64.16,10
rccl_all_20261002_103010,scatter,default,3,8589934560,122.31,129.71,10
rccl_all_20261002_103010,scatter,default,4,8589934592,180.3,192.3,10
rccl_all_20261002_103010,scatter,default,5,8589934560,75.73,80.16,10
rccl_all_20261002_103010,scatter,default,6,8589934560,79.89,82.7,10
rccl_all_20261002_103010,scatter,default,7,8589934528,84.22,86.14,10
rccl_all_20261002_103010,scatter,default,8,8589934592,396.11,431.01,10
rccl_all_20261002_103010,sendrecv,default,2,8589934592,58.43,58.43,10
rccl_all_20261002_103010,sendrecv,default,3,8589934592,60.52,61.08,10
rccl_all_20261002_103010,sendrecv,default,4,8589934592,60.86,60.86,10
rccl_all_20261002_103010,sendrecv,default,5,8589934592,60.14,60.84,10
rccl_all_20261002_103010,sendrecv,default,6,8589934592,60.59,60.84,10
rccl_all_20261002_103010,sendrecv,default,7,8589934592,60.4,60.86,10
rccl_all_20261002_103010,sendrecv,default,8,8589934592,60.51,60.84,10
rccl_tests_20261002_105207,all_gather,default,2,8589934592,59.47,59.56,10
rccl_tests_20261002_105207,all_gather,default,3,8589934560,91.38,91.38,10
rccl_tests_20261002_105207,all_gather,default,4,8589934592,167.77,168.02,10
rccl_tests_20261002_105207,all_gather,default,5,8589934560,46.05,46.05,10
rccl_tests_20261002_105207,all_gather,default,6,8589934560,44.59,44.59,10
rccl_tests_20261002_105207,all_gather,default,7,8589934528,43.62,43.7,10
rccl_tests_20261002_105207,all_gather,default,8,8589934592,389.68,389.68,10
rccl_tests_20261002_105207,all_gather,no_mscll,2,8589934592,59.43,59.69,10
rccl_tests_20261002_105207,all_gather,no_mscll,3,8589934560,88.5,89.78,10
rccl_tests_20261002_105207,all_gather,no_mscll,4,8589934592,167.31,167.47,10
rccl_tests_20261002_105207,all_gather,no_mscll,5,8589934560,46.2,46.2,10
rccl_tests_20261002_105207,all_gather,no_mscll,6,8589934560,44.55,44.55,10
rccl_tests_20261002_105207,all_gather,no_mscll,7,8589934528,43.5,43.57,10
rccl_tests_20261002_105207,all_gather,no_mscll,8,8589934592,390.57,390.57,10
rccl_tests_20261002_105207,all_gather,proto_simple,2,8589934592,59.5,59.62,10
rccl_tests_20261002_105207,all_gather,proto_simple,3,8589934560,88.25,89.76,10
rccl_tests_20261002_105207,all_gather,proto_simple,4,8589934592,167.44,167.49,10
rccl_tests_20261002_105207,all_gather,proto_simple,5,8589934560,45.74,45.75,10
rccl_tests_20261002_105207,all_gather,proto_simple,6,8589934560,44.61,44.61,10
rccl_tests_20261002_105207,all_gather,proto_simple,7,8589934528,43.75,43.75,10
rccl_tests_20261002_105207,all_gather,proto_simple,8,8589934592,389.22,389.38,10
rccl_tests_20261002_105207,all_gather,ring,2,8589934592,59.9,59.9,10
rccl_tests_20261002_105207,all_gather,ring,3,8589934560,91.4,91.4,10
rccl_tests_20261002_105207,all_gather,ring,4,8589934592,166.83,167.25,10
rccl_tests_20261002_105207,all_gather,ring,5,8589934560,46.32,46.32,10
rccl_tests_20261002_105207,all_gather,ring,6,8589934560,44.41,44.41,10
rccl_tests_20261002_105207,all_gather,ring,7,8589934528,43.59,43.6,10
rccl_tests_20261002_105207,all_gather,ring,8,8589934592,390.26,390.26,10
rccl_tests_20261002_105207,all_gather,tree,2,8589934592,59.72,59.82,10
rccl_tests_20261002_105207,all_gather,tree,3,8589934560,88.0,90.11,10
rccl_tests_20261002_105207,all_gather,tree,4,8589934592,167.4,167.4,10
rccl_tests_20261002_105207,all_gather,tree,5,8589934560,46.18,46.19,10
rccl_tests_20261002_105207,all_gather,tree,6,8589934560,44.37,44.37,10
rccl_tests_20261002_105207,all_gather,tree,7,8589934528,43.63,43.7,10
rccl_tests_20261002_105207,all_gather,tree,8,8589934592,387.85,388.07,10
rccl_tests_20261002_105207,all_reduce,default,2,8589934592,59.92,59.92,10
rccl_tests_20261002_105207,all_reduce,default,3,8589934592,93.41,93.41,10
rccl_tests_20261002_105207,all_reduce,default,4,8589934592,169.12,172.18,10
rccl_tests_20261002_105207,all_reduce,default,5,8589934592,48.2,48.2,10
rccl_tests_20261002_105207,all_reduce,default,6,8589934592,47.64,47.64,10
rccl_tests_20261002_105207,all_reduce,default,7,8589934592,47.61,47.61,10
rccl_tests_20261002_105207,all_reduce,default,8,8589934592,398.02,398.02,10
rccl_tests_20261002_105207,all_reduce,no_mscll,2,8589934592,59.86,59.86,10
rccl_tests_20261002_105207,all_reduce,no_mscll,3,8589934592,93.67,93.67,10
rccl_tests_20261002_105207,all_reduce,no_mscll,4,8589934592,168.74,170.22,10
rccl_tests_20261002_105207,all_reduce,no_mscll,5,8589934592,48.0,48.02,10
rccl_tests_20261002_105207,all_reduce,no_mscll,6,8589934592,47.53,47.55,10
rccl_tests_20261002_105207,all_reduce,no_mscll,7,8589934592,47.58,47.58,10
rccl_tests_20261002_105207,all_reduce,no_mscll,8,8589934592,395.98,397.14,10
rccl_tests_20261002_105207,all_reduce,proto_simple,2,8589934592,59.67,59.81,10
rccl_tests_20261002_105207,all_reduce,proto_simple,3,8589934592,93.66,93.66,10
rccl_tests_20261002_105207,all_reduce,proto_simple,4,8589934592,168.78,170.65,10
rccl_tests_20261002_105207,all_reduce,proto_simple,5,8589934592,47.98,47.98,10
rccl_tests_20261002_105207,all_reduce,proto_simple,6,8589934592,47.68,47.68,10
rccl_tests_20261002_105207,all_reduce,proto_simple,7,8589934592,47.61,47.61,10
rccl_tests_20261002_105207,all_reduce,proto_simple,8,8589934592,397.43,397.43,10
rccl_tests_20261002_105207,all_reduce,ring,2,8589934592,59.82,59.82,10
rccl_tests_20261002_105207,all_reduce,ring,3,8589934592,93.7,93.7,10
rccl_tests_20261002_105207,all_reduce,ring,4,8589934592,168.87,170.17,10
rccl_tests_20261002_105207,all_reduce,ring,5,8589934592,48.48,48.48,10
rccl_tests_20261002_105207,all_reduce,ring,6,8589934592,47.54,47.54,10
rccl_tests_20261002_105207,all_reduce,ring,7,8589934592,47.51,47.51,10
rccl_tests_20261002_105207,all_reduce,ring,8,8589934592,394.45,394.91,10
rccl_tests_20261002_105207,all_reduce,tree,2,8589934592,28.25,49.56,10
rccl_tests_20261002_105207,all_reduce,tree,3,8589934592,25.99,42.99,10
rccl_tests_20261002_105207,all_reduce,tree,4,8589934592,62.35,109.03,10
rccl_tests_20261002_105207,all_reduce,tree,5,8589934592,15.04,26.36,10
rccl_tests_20261002_105207,all_reduce,tree,6,8589934592,15.45,27.49,10
rccl_tests_20261002_105207,all_reduce,tree,7,8589934592,15.95,28.26,10
rccl_tests_20261002_105207,all_reduce,tree,8,8589934592,172.45,265.84,10
