run,gpus,precision,aggregate_tflops,avg_per_gpu_tflops,gpus_reporting,pct_of_peak,min_per_gpu,max_per_gpu,spread_pct,per_gpu_peak_tflops
sweep_20261002_080350,1,fp4,3989.76,3989.76,1,39.9,3989.76,3989.76,0.0,gpu49875=3989.76
sweep_20261002_080350,1,fp6,1240.93,1240.93,1,12.4,1240.93,1240.93,0.0,gpu49875=1240.93
sweep_20261002_080350,1,bf6,1240.93,1240.93,1,12.4,1240.93,1240.93,0.0,gpu49875=1240.93
sweep_20261002_080350,1,fp8,3628.75,3628.75,1,72.6,3628.75,3628.75,0.0,gpu49875=3628.75
sweep_20261002_080350,1,bf8,3341.98,3341.98,1,66.8,3341.98,3341.98,0.0,gpu49875=3341.98
sweep_20261002_080350,1,fp16,1519.64,1519.64,1,60.8,1519.64,1519.64,0.0,gpu49875=1519.64
sweep_20261002_080350,1,bf16,1631.1,1631.1,1,65.2,1631.1,1631.1,0.0,gpu49875=1631.10
sweep_20261002_080350,1,fp32,154.08,154.08,1,98.0,154.08,154.08,0.0,gpu49875=154.08
sweep_20261002_080350,1,fp64,77.22,77.22,1,98.2,77.22,77.22,0.0,gpu49875=77.22
sweep_20261002_080350,2,fp4,7887.26,3943.63,2,39.4,3907.05,3980.21,1.8,gpu49875=3980.21;gpu58501=3907.05
sweep_20261002_080350,2,fp6,2481.19,1240.595,2,12.4,1239.98,1241.21,0.1,gpu49875=1241.21;gpu58501=1239.98
sweep_20261002_080350,2,bf6,2482.15,1241.075,2,12.4,1239.76,1242.39,0.2,gpu49875=1242.39;gpu58501=1239.76
sweep_20261002_080350,2,fp8,7066.42,3533.21,2,70.7,3524.07,3542.35,0.5,gpu49875=3542.35;gpu58501=3524.07
sweep_20261002_080350,2,bf8,6550.02,3275.01,2,65.5,3248.19,3301.84,1.6,gpu49875=3301.84;gpu58501=3248.19
sweep_20261002_080350,2,fp16,3011.5,1505.75,2,60.2,1489.35,1522.15,2.2,gpu49875=1522.15;gpu58501=1489.35
sweep_20261002_080350,2,bf16,3209.78,1604.89,2,64.2,1578.62,1631.15,3.2,gpu49875=1631.15;gpu58501=1578.62
sweep_20261002_080350,2,fp32,307.98,153.99,2,97.9,153.66,154.32,0.4,gpu49875=154.32;gpu58501=153.66
sweep_20261002_080350,2,fp64,154.23,77.115,2,98.1,76.95,77.28,0.4,gpu49875=77.28;gpu58501=76.95
sweep_20261002_080350,3,fp4,11947.05,3982.35,3,39.8,3895.91,4072.76,4.3,gpu49070=4072.76;gpu49875=3978.38;gpu58501=3895.91
sweep_20261002_080350,3,fp6,3716.08,1238.6933333333334,3,12.4,1236.52,1241.98,0.4,gpu49070=1237.58;gpu49875=1241.98;gpu58501=1236.52
sweep_20261002_080350,3,bf6,3715.55,1238.5166666666667,3,12.4,1235.63,1242.12,0.5,gpu49070=1237.79;gpu49875=1242.12;gpu58501=1235.63
sweep_20261002_080350,3,fp8,10799.82,3599.94,3,72.0,3529.73,3646.8,3.2,gpu49070=3623.28;gpu49875=3646.80;gpu58501=3529.73
sweep_20261002_080350,3,bf8,9924.73,3308.2433333333333,3,66.2,3224.37,3393.55,5.0,gpu49070=3393.55;gpu49875=3306.80;gpu58501=3224.37
sweep_20261002_080350,3,fp16,4622.2,1540.7333333333333,3,61.6,1489.85,1593.49,6.5,gpu49070=1593.49;gpu49875=1538.85;gpu58501=1489.85
sweep_20261002_080350,3,bf16,4875.62,1625.2066666666667,3,65.0,1585.44,1659.74,4.5,gpu49070=1659.74;gpu49875=1630.45;gpu58501=1585.44
sweep_20261002_080350,3,fp32,461.27,153.75666666666666,3,97.7,153.28,154.19,0.6,gpu49070=153.28;gpu49875=154.19;gpu58501=153.80
sweep_20261002_080350,3,fp64,230.91,76.97,3,97.9,76.61,77.3,0.9,gpu49070=76.61;gpu49875=77.30;gpu58501=77.00
sweep_20261002_080350,4,fp4,13590.0,3397.5,4,34.0,2472.85,4068.06,39.2,gpu24206=2472.85;gpu49070=4068.06;gpu49875=3155.54;gpu58501=3893.55
sweep_20261002_080350,4,fp6,4956.93,1239.2325,4,12.4,1237.3,1242.0,0.4,gpu24206=1237.61;gpu49070=1237.30;gpu49875=1242.00;gpu58501=1240.03
sweep_20261002_080350,4,bf6,4958.22,1239.555,4,12.4,1238.11,1242.48,0.4,gpu24206=1238.11;gpu49070=1238.54;gpu49875=1242.48;gpu58501=1239.09
sweep_20261002_080350,4,fp8,14498.9,3624.725,4,72.5,3512.82,3739.84,6.1,gpu24206=3587.31;gpu49070=3739.84;gpu49875=3658.94;gpu58501=3512.82
sweep_20261002_080350,4,bf8,13228.42,3307.105,4,66.1,3229.11,3404.06,5.1,gpu24206=3347.07;gpu49070=3404.06;gpu49875=3248.19;gpu58501=3229.11
sweep_20261002_080350,4,fp16,6135.7,1533.925,4,61.4,1484.46,1584.31,6.3,gpu24206=1546.77;gpu49070=1584.31;gpu49875=1520.15;gpu58501=1484.46
sweep_20261002_080350,4,bf16,6535.09,1633.7725,4,65.4,1584.31,1663.41,4.8,gpu24206=1663.41;gpu49070=1658.72;gpu49875=1628.65;gpu58501=1584.31
sweep_20261002_080350,4,fp32,614.1,153.525,4,97.6,152.65,154.39,1.1,gpu24206=152.65;gpu49070=153.25;gpu49875=154.39;gpu58501=153.81
sweep_20261002_080350,4,fp64,307.36,76.84,4,97.8,76.42,77.35,1.2,gpu24206=76.42;gpu49070=76.61;gpu49875=77.35;gpu58501=76.97
sweep_20261002_080350,5,fp4,13515.24,2703.048,5,27.0,1973.76,3291.47,40.0,gpu24206=1973.76;gpu26060=2540.34;gpu49070=2427.75;gpu49875=3281.92;gpu58501=3291.47
sweep_20261002_080350,5,fp6,6197.16,1239.432,5,12.4,1237.29,1241.62,0.3,gpu24206=1237.41;gpu26060=1241.23;gpu49070=1237.29;gpu49875=1241.62;gpu58501=1239.62
sweep_20261002_080350,5,bf6,6193.61,1238.722,5,12.4,1236.54,1241.38,0.4,gpu24206=1236.71;gpu26060=1240.90;gpu49070=1236.54;gpu49875=1241.38;gpu58501=1238.08
sweep_20261002_080350,5,fp8,18102.55,3620.5099999999998,5,72.4,3518.44,3671.16,4.2,gpu24206=3646.80;gpu26060=3671.16;gpu49070=3619.35;gpu49875=3646.80;gpu58501=3518.44
sweep_20261002_080350,5,bf8,16580.67,3316.1339999999996,5,66.3,3164.06,3473.97,8.9,gpu24206=3347.07;gpu26060=3473.97;gpu49070=3352.17;gpu49875=3243.40;gpu58501=3164.06
sweep_20261002_080350,5,fp16,7689.91,1537.982,5,61.5,1488.73,1586.6,6.2,gpu24206=1548.65;gpu26060=1546.71;gpu49070=1586.60;gpu49875=1519.22;gpu58501=1488.73
sweep_20261002_080350,5,bf16,8151.62,1630.324,5,65.2,1583.38,1669.53,5.2,gpu24206=1654.85;gpu26060=1669.53;gpu49070=1630.82;gpu49875=1613.03;gpu58501=1583.38
sweep_20261002_080350,5,fp32,767.51,153.502,5,97.6,152.66,154.29,1.1,gpu24206=152.66;gpu26060=153.60;gpu49070=153.27;gpu49875=154.29;gpu58501=153.70
sweep_20261002_080350,5,fp64,384.12,76.824,5,97.7,76.42,77.28,1.1,gpu24206=76.42;gpu26060=76.87;gpu49070=76.59;gpu49875=77.28;gpu58501=76.96
sweep_20261002_080350,6,fp4,15823.31,2637.2183333333332,6,26.4,1524.98,3272.36,53.4,gpu24206=3272.36;gpu26060=1524.98;gpu29144=3183.31;gpu49070=1725.90;gpu49875=2854.11;gpu58501=3262.64
sweep_20261002_080350,6,fp6,7436.13,1239.355,6,12.4,1236.67,1243.93,0.6,gpu24206=1236.67;gpu26060=1240.14;gpu29144=1240.06;gpu49070=1236.99;gpu49875=1243.93;gpu58501=1238.34
sweep_20261002_080350,6,bf6,7434.22,1239.0366666666666,6,12.4,1237.17,1240.85,0.3,gpu24206=1238.06;gpu26060=1239.71;gpu29144=1240.12;gpu49070=1237.17;gpu49875=1240.85;gpu58501=1238.31
sweep_20261002_080350,6,fp8,22145.62,3690.9366666666665,6,73.8,3529.73,3837.74,8.0,gpu24206=3671.16;gpu26060=3733.49;gpu29144=3837.74;gpu49070=3714.57;gpu49875=3658.94;gpu58501=3529.73
sweep_20261002_080350,6,bf8,20024.74,3337.456666666667,6,66.7,3233.86,3446.74,6.2,gpu24206=3377.91;gpu26060=3316.78;gpu29144=3446.74;gpu49070=3362.42;gpu49875=3287.03;gpu58501=3233.86
sweep_20261002_080350,6,fp16,9369.86,1561.6433333333334,6,62.5,1489.75,1616.93,7.9,gpu24206=1587.74;gpu26060=1561.96;gpu29144=1616.93;gpu49070=1591.19;gpu49875=1522.28;gpu58501=1489.75
sweep_20261002_080350,6,bf16,9915.9,1652.6499999999999,6,66.1,1586.6,1724.78,8.0,gpu24206=1649.45;gpu26060=1669.69;gpu29144=1724.78;gpu49070=1653.77;gpu49875=1631.61;gpu58501=1586.60
sweep_20261002_080350,6,fp32,921.71,153.61833333333334,6,97.7,152.69,154.57,1.2,gpu24206=152.69;gpu26060=153.56;gpu29144=154.57;gpu49070=153.16;gpu49875=154.14;gpu58501=153.60
sweep_20261002_080350,6,fp64,461.48,76.91333333333334,6,97.9,76.51,77.37,1.1,gpu24206=76.51;gpu26060=76.79;gpu29144=77.37;gpu49070=76.60;gpu49875=77.32;gpu58501=76.89
sweep_20261002_080350,7,fp4,16653.5,2379.0714285714284,7,23.8,1303.64,3238.62,59.7,gpu19314=2209.73;gpu24206=3238.62;gpu26060=1303.64;gpu29144=2897.26;gpu49070=1626.65;gpu49875=2971.65;gpu58501=2405.94
sweep_20261002_080350,7,fp6,8631.75,1233.107142857143,7,12.3,1215.24,1241.09,2.1,gpu19314=1228.60;gpu24206=1240.49;gpu26060=1228.27;gpu29144=1241.09;gpu49070=1215.24;gpu49875=1239.59;gpu58501=1238.46
sweep_20261002_080350,7,bf6,8679.15,1239.8785714285714,7,12.4,1237.01,1242.01,0.4,gpu19314=1239.19;gpu24206=1239.68;gpu26060=1241.82;gpu29144=1242.01;gpu49070=1237.01;gpu49875=1239.73;gpu58501=1239.71
sweep_20261002_080350,7,fp8,25822.61,3688.944285714286,7,73.8,3529.73,3878.35,9.0,gpu19314=3644.72;gpu24206=3708.30;gpu26060=3765.45;gpu29144=3878.35;gpu49070=3759.01;gpu49875=3537.04;gpu58501=3529.73
sweep_20261002_080350,7,bf8,23343.67,3334.81,7,66.7,3257.81,3484.98,6.5,gpu19314=3336.91;gpu24206=3287.03;gpu26060=3321.79;gpu29144=3484.98;gpu49070=3377.91;gpu49875=3277.23;gpu58501=3257.81
sweep_20261002_080350,7,fp16,10895.05,1556.435714285714,7,62.3,1486.58,1617.4,8.1,gpu19314=1576.63;gpu24206=1539.31;gpu26060=1576.36;gpu29144=1617.40;gpu49070=1575.80;gpu49875=1522.97;gpu58501=1486.58
sweep_20261002_080350,7,bf16,11601.61,1657.3728571428571,7,66.3,1591.19,1731.51,8.1,gpu19314=1694.16;gpu24206=1637.35;gpu26060=1678.42;gpu29144=1731.51;gpu49070=1637.57;gpu49875=1631.40;gpu58501=1591.19
sweep_20261002_080350,7,fp32,1075.77,153.68142857142857,7,97.7,152.67,154.67,1.3,gpu19314=153.75;gpu24206=152.67;gpu26060=153.52;gpu29144=154.67;gpu49070=153.30;gpu49875=154.26;gpu58501=153.60
sweep_20261002_080350,7,fp64,538.52,76.93142857142857,7,97.9,76.44,77.33,1.2,gpu19314=76.89;gpu24206=76.44;gpu26060=76.87;gpu29144=77.33;gpu49070=76.82;gpu49875=77.23;gpu58501=76.94
sweep_20261002_080350,8,fp4,17099.55,2137.44375,8,21.4,1868.46,2694.88,30.7,gpu19314=1947.31;gpu24206=2159.75;gpu26060=1868.46;gpu29144=2694.88;gpu49070=2012.54;gpu49875=2169.00;gpu52179=2192.45;gpu58501=2055.16
sweep_20261002_080350,8,fp6,9913.69,1239.21125,8,12.4,1233.19,1241.64,0.7,gpu19314=1239.82;gpu24206=1233.19;gpu26060=1241.16;gpu29144=1240.35;gpu49070=1238.69;gpu49875=1240.92;gpu52179=1241.64;gpu58501=1237.91
sweep_20261002_080350,8,bf6,9915.2,1239.4,8,12.4,1235.01,1242.25,0.6,gpu19314=1238.44;gpu24206=1235.01;gpu26060=1241.11;gpu29144=1240.34;gpu49070=1237.88;gpu49875=1241.33;gpu52179=1242.25;gpu58501=1238.85
sweep_20261002_080350,8,fp8,29312.86,3664.1075,8,73.3,3529.73,3885.2,9.1,gpu19314=3652.86;gpu24206=3658.94;gpu26060=3784.89;gpu29144=3885.20;gpu49070=3622.77;gpu49875=3569.84;gpu52179=3608.61;gpu58501=3529.73
sweep_20261002_080350,8,bf8,26599.99,3324.99875,8,66.5,3153.02,3425.27,7.9,gpu19314=3425.27;gpu24206=3272.36;gpu26060=3331.85;gpu29144=3370.41;gpu49070=3388.32;gpu49875=3316.78;gpu52179=3341.98;gpu58501=3153.02
sweep_20261002_080350,8,fp16,12484.57,1560.57125,8,62.4,1486.23,1610.26,7.7,gpu19314=1575.32;gpu24206=1561.81;gpu26060=1583.17;gpu29144=1610.26;gpu49070=1584.31;gpu49875=1524.98;gpu52179=1558.48;gpu58501=1486.23
sweep_20261002_080350,8,bf16,13200.47,1650.05875,8,66.0,1585.54,1722.56,8.0,gpu19314=1659.01;gpu24206=1647.15;gpu26060=1653.82;gpu29144=1722.56;gpu49070=1653.70;gpu49875=1633.95;gpu52179=1644.74;gpu58501=1585.54
sweep_20261002_080350,8,fp32,1228.81,153.60125,8,97.6,152.58,154.61,1.3,gpu19314=153.75;gpu24206=152.58;gpu26060=153.67;gpu29144=154.61;gpu49070=153.17;gpu49875=154.19;gpu52179=153.22;gpu58501=153.62
sweep_20261002_080350,8,fp64,615.01,76.87625,8,97.8,76.43,77.36,1.2,gpu19314=76.89;gpu24206=76.43;gpu26060=76.82;gpu29144=77.36;gpu49070=76.60;gpu49875=77.30;gpu52179=76.72;gpu58501=76.89
